{
  "Partes": {
    "BrazoIzquierdo": {
      "Poligonos": {
        "Frente": {
          "Vertices": {
            "v1": {
              "X": -1,
              "Y": 1,
              "Z": 0.15000000596046448
            },
            "v2": {
              "X": -1,
              "Y": -1,
              "Z": 0.15000000596046448
            },
            "v3": {
              "X": -0.5,
              "Y": -1,
              "Z": 0.15000000596046448
            },
            "v4": {
              "X": -0.5,
              "Y": 1,
              "Z": 0.15000000596046448
            }
          },
          "ColorArray": [
            0,
            0,
            1,
            1
          ]
        },
        "Trasero": {
          "Vertices": {
            "v1": {
              "X": -0.5,
              "Y": 1,
              "Z": -0.15000000596046448
            },
            "v2": {
              "X": -0.5,
              "Y": -1,
              "Z": -0.15000000596046448
            },
            "v3": {
              "X": -1,
              "Y": -1,
              "Z": -0.15000000596046448
            },
            "v4": {
              "X": -1,
              "Y": 1,
              "Z": -0.15000000596046448
            }
          },
          "ColorArray": [
            0,
            0,
            1,
            1
          ]
        },
        "LadoExterior": {
          "Vertices": {
            "v1": {
              "X": -1,
              "Y": 1,
              "Z": 0.15000000596046448
            },
            "v2": {
              "X": -1,
              "Y": -1,
              "Z": 0.15000000596046448
            },
            "v3": {
              "X": -1,
              "Y": -1,
              "Z": -0.15000000596046448
            },
            "v4": {
              "X": -1,
              "Y": 1,
              "Z": -0.15000000596046448
            }
          },
          "ColorArray": [
            0,
            0,
            1,
            1
          ]
        },
        "LadoInterior": {
          "Vertices": {
            "v1": {
              "X": -0.5,
              "Y": 1,
              "Z": 0.15000000596046448
            },
            "v2": {
              "X": -0.5,
              "Y": -1,
              "Z": 0.15000000596046448
            },
            "v3": {
              "X": -0.5,
              "Y": -1,
              "Z": -0.15000000596046448
            },
            "v4": {
              "X": -0.5,
              "Y": 1,
              "Z": -0.15000000596046448
            }
          },
          "ColorArray": [
            0,
            0,
            1,
            1
          ]
        },
        "Superior": {
          "Vertices": {
            "v1": {
              "X": -1,
              "Y": 1,
              "Z": 0.15000000596046448
            },
            "v2": {
              "X": -0.5,
              "Y": 1,
              "Z": 0.15000000596046448
            },
            "v3": {
              "X": -0.5,
              "Y": 1,
              "Z": -0.15000000596046448
            },
            "v4": {
              "X": -1,
              "Y": 1,
              "Z": -0.15000000596046448
            }
          },
          "ColorArray": [
            0,
            0,
            1,
            1
          ]
        },
        "Inferior": {
          "Vertices": {
            "v1": {
              "X": -1,
              "Y": -1,
              "Z": 0.15000000596046448
            },
            "v2": {
              "X": -0.5,
              "Y": -1,
              "Z": 0.15000000596046448
            },
            "v3": {
              "X": -0.5,
              "Y": -1,
              "Z": -0.15000000596046448
            },
            "v4": {
              "X": -1,
              "Y": -1,
              "Z": -0.15000000596046448
            }
          },
          "ColorArray": [
            0,
            0,
            1,
            1
          ]
        }
      },
      "ColorArray": [
        0,
        0,
        1,
        1
      ]
    },
    "BrazoDerecho": {
      "Poligonos": {
        "Frente": {
          "Vertices": {
            "v1": {
              "X": 0.5,
              "Y": 1,
              "Z": 0.15000000596046448
            },
            "v2": {
              "X": 0.5,
              "Y": -1,
              "Z": 0.15000000596046448
            },
            "v3": {
              "X": 1,
              "Y": -1,
              "Z": 0.15000000596046448
            },
            "v4": {
              "X": 1,
              "Y": 1,
              "Z": 0.15000000596046448
            }
          },
          "ColorArray": [
            0,
            0,
            1,
            1
          ]
        },
        "Trasero": {
          "Vertices": {
            "v1": {
              "X": 1,
              "Y": 1,
              "Z": -0.15000000596046448
            },
            "v2": {
              "X": 1,
              "Y": -1,
              "Z": -0.15000000596046448
            },
            "v3": {
              "X": 0.5,
              "Y": -1,
              "Z": -0.15000000596046448
            },
            "v4": {
              "X": 0.5,
              "Y": 1,
              "Z": -0.15000000596046448
            }
          },
          "ColorArray": [
            0,
            0,
            1,
            1
          ]
        },
        "LadoExterior": {
          "Vertices": {
            "v1": {
              "X": 1,
              "Y": 1,
              "Z": 0.15000000596046448
            },
            "v2": {
              "X": 1,
              "Y": -1,
              "Z": 0.15000000596046448
            },
            "v3": {
              "X": 1,
              "Y": -1,
              "Z": -0.15000000596046448
            },
            "v4": {
              "X": 1,
              "Y": 1,
              "Z": -0.15000000596046448
            }
          },
          "ColorArray": [
            0,
            0,
            1,
            1
          ]
        },
        "LadoInterior": {
          "Vertices": {
            "v1": {
              "X": 0.5,
              "Y": 1,
              "Z": 0.15000000596046448
            },
            "v2": {
              "X": 0.5,
              "Y": -1,
              "Z": 0.15000000596046448
            },
            "v3": {
              "X": 0.5,
              "Y": -1,
              "Z": -0.15000000596046448
            },
            "v4": {
              "X": 0.5,
              "Y": 1,
              "Z": -0.15000000596046448
            }
          },
          "ColorArray": [
            0,
            0,
            1,
            1
          ]
        },
        "Superior": {
          "Vertices": {
            "v1": {
              "X": 0.5,
              "Y": 1,
              "Z": 0.15000000596046448
            },
            "v2": {
              "X": 1,
              "Y": 1,
              "Z": 0.15000000596046448
            },
            "v3": {
              "X": 1,
              "Y": 1,
              "Z": -0.15000000596046448
            },
            "v4": {
              "X": 0.5,
              "Y": 1,
              "Z": -0.15000000596046448
            }
          },
          "ColorArray": [
            0,
            0,
            1,
            1
          ]
        },
        "Inferior": {
          "Vertices": {
            "v1": {
              "X": 0.5,
              "Y": -1,
              "Z": 0.15000000596046448
            },
            "v2": {
              "X": 1,
              "Y": -1,
              "Z": 0.15000000596046448
            },