{
  "Nombre": "LetraU",
  "Color": [
    0,
    0,
    1,
    1
  ],
  "Vertices": [
    [
      -1,
      1,
      0.100000001
    ],
    [
      -1,
      -1,
      0.100000001
    ],
    [
      -0.5,
      -1,
      0.100000001
    ],
    [
      -0.5,
      1,
      0.100000001
    ],
    [
      0.5,
      1,
      0.100000001
    ],
    [
      0.5,
      -1,
      0.100000001
    ],
    [
      1,
      -1,
      0.100000001
    ],
    [
      1,
      1,
      0.100000001
    ],
    [
      -0.5,
      -1,
      0.100000001
    ],
    [
      -0.5,
      -1.5,
      0.100000001
    ],
    [
      0.5,
      -1.5,
      0.100000001
    ],
    [
      0.5,
      -1,
      0.100000001
    ],
    [
      -1,
      1,
      -0.100000001
    ],
    [
      -0.5,
      1,
      -0.100000001
    ],
    [
      -0.5,
      -1,
      -0.100000001
    ],
    [
      -1,
      -1,
      -0.100000001
    ],
    [
      0.5,
      1,
      -0.100000001
    ],
    [
      1,
      1,
      -0.100000001
    ],
    [
      1,
      -1,
      -0.100000001
    ],
    [
      0.5,
      -1,
      -0.100000001
    ],
    [
      -0.5,
      -1,
      -0.100000001
    ],
    [
      0.5,
      -1,
      -0.100000001
    ],
    [
      0.5,
      -1.5,
      -0.100000001
    ],
    [
      -0.5,
      -1.5,
      -0.100000001
    ],
    [
      -1,
      1,
      0.100000001
    ],
    [
      -1,
      1,
      -0.100000001
    ],
    [
      -1,
      -1,
      -0.100000001
    ],
    [
      -1,
      -1,
      0.100000001
    ],
    [
      -0.5,
      1,
      0.100000001
    ],
    [
      -0.5,
      1,
      -0.100000001
    ],
    [
      -0.5,
      -1,
      -0.100000001
    ],
    [
      -0.5,
      -1,
      0.100000001
    ],
    [
      0.5,
      1,
      0.100000001
    ],
    [
      0.5,
      1,
      -0.100000001
    ],
    [
      0.5,
      -1,
      -0.100000001
    ],
    [
      0.5,
      -1,
      0.100000001
    ],
    [
      1,
      1,
      0.100000001
    ],
    [
      1,
      1,
      -0.100000001
    ],
    [
      1,
      -1,
      -0.100000001
    ],
    [
      1,
      -1,
      0.100000001
    ],
    [
      -0.5,
      -1,
      0.100000001
    ],
    [
      -0.5,
      -1,
      -0.100000001
    ],
    [
      -0.5,
      -1.5,
      -0.100000001
    ],
    [
      -0.5,
      -1.5,
      0.100000001
    ],
    [
      0.5,
      -1,
      0.100000001
    ],
    [
      0.5,
      -1,
      -0.100000001
    ],
    [
      0.5,
      -1.5,
      -0.100000001
    ],
    [
      0.5,
      -1.5,
      0.100000001
    ]
  ],
  "TipoPrimitiva": 7
}