{
  "Partes": {
    "FrenteBrazoIzq": {
      "Poligonos": {
        "FrenteBrazoIzq": {
          "Vertices": {
            "v1": {
              "X": -1,
              "Y": 1,
              "Z": 0.15000000596046448
            },
            "v2": {
              "X": -1,
              "Y": -1,
              "Z": 0.15000000596046448
            },
            "v3": {
              "X": -0.5,
              "Y": -1,
              "Z": 0.15000000596046448
            },
            "v4": {
              "X": -0.5,
              "Y": 1,
              "Z": 0.15000000596046448
            }
          },
          "ColorArray": [
            0,
            0,
            1,
            1
          ]
        }
      },
      "ColorArray": [
        0,
        0,
        1,
        1
      ]
    },
    "FrenteBrazoDer": {
      "Poligonos": {
        "FrenteBrazoDer": {
          "Vertices": {
            "v1": {
              "X": 0.5,
              "Y": 1,
              "Z": 0.15000000596046448
            },
            "v2": {
              "X": 0.5,
              "Y": -1,
              "Z": 0.15000000596046448
            },
            "v3": {
              "X": 1,
              "Y": -1,
              "Z": 0.15000000596046448
            },
            "v4": {
              "X": 1,
              "Y": 1,
              "Z": 0.15000000596046448
            }
          },
          "ColorArray": [
            0,
            0,
            1,
            1
          ]
        }
      },
      "ColorArray": [
        0,
        0,
        1,
        1
      ]
    },
    "FrenteBase": {
      "Poligonos": {
        "FrenteBase": {
          "Vertices": {
            "v1": {
              "X": -0.5,
              "Y": -1,
              "Z": 0.15000000596046448
            },
            "v2": {
              "X": -0.5,
              "Y": -2,
              "Z": 0.15000000596046448
            },
            "v3": {
              "X": 0.5,
              "Y": -2,
              "Z": 0.15000000596046448
            },
            "v4": {
              "X": 0.5,
              "Y": -1,
              "Z": 0.15000000596046448
            }
          },
          "ColorArray": [
            0,
            0,
            1,
            1
          ]
        }
      },
      "ColorArray": [
        0,
        0,
        1,
        1
      ]
    },
    "TraseraBrazoIzq": {
      "Poligonos": {
        "TraseraBrazoIzq": {
          "Vertices": {
            "v1": {
              "X": -0.5,
              "Y": 1,
              "Z": -0.15000000596046448
            },
            "v2": {
              "X": -0.5,
              "Y": -1,
              "Z": -0.15000000596046448
            },
            "v3": {
              "X": -1,
              "Y": -1,
              "Z": -0.15000000596046448
            },
            "v4": {
              "X": -1,
              "Y": 1,
              "Z": -0.15000000596046448
            }
          },
          "ColorArray": [
            0,
            0,
            1,
            1
          ]
        }
      },
      "ColorArray": [
        0,
        0,
        1,
        1
      ]
    },
    "TraseraBrazoDer": {
      "Poligonos": {
        "TraseraBrazoDer": {
          "Vertices": {
            "v1": {
              "X": 1,
              "Y": 1,
              "Z": -0.15000000596046448
            },
            "v2": {
              "X": 1,
              "Y": -1,
              "Z": -0.15000000596046448
            },
            "v3": {
              "X": 0.5,
              "Y": -1,
              "Z": -0.15000000596046448
            },
            "v4": {
              "X": 0.5,
              "Y": 1,
              "Z": -0.15000000596046448
            }
          },
          "ColorArray": [
            0,
            0,
            1,
            1
          ]
        }
      },
      "ColorArray": [
        0,
        0,
        1,
        1
      ]
    },
    "TraseraBase": {
      "Poligonos": {
        "TraseraBase": {
          "Vertices": {
            "v1": {
              "X": 0.5,
              "Y": -1,
              "Z": -0.15000000596046448
            },
            "v2": {
              "X": 0.5,
              "Y": -2,
              "Z": -0.15000000596046448
            },
            "v3": {
              "X": -0.5,
              "Y": -2,
              "Z": -0.15000000596046448
            },
            "v4": {
              "X": -0.5,
              "Y": -1,
              "Z": -0.15000000596046448
            }
          },
          "ColorArray": [
            0,
            0,
            1,
            1
          ]
        }
      },
      "ColorArray": [
        0,
        0,
        1,
        1
      ]
    },
    "LadoExtIzq": {
      "Poligonos": {
        "LadoExtIzq": {
          "Vertices": {
            "v1": {
              "X": -1,
              "Y": 1,
              "Z": 0.15000000596046448
            },
            "v2": {
              "X": -1,
              "Y": -1,
              "Z": 0.15000000596046448
            },
            "v3": {
              "X": -1,
              "Y": -1,
              "Z": -0.15000000596046448
            },
            "v4": {
              "X": -1,
              "Y": 1,
              "Z": -0.15000000596046448
            }
          },
          "ColorArray": [
            0,
            0,
            1,
            1
          ]
        }
      },
      "ColorArray": [
        0,
        0,
        1,
        1
      ]
    },
    "LadoIntIzq": {
      "Poligonos": {
        "LadoIntIzq": {
          "Vertices": {
            "v1": {
              "X": -0.5,
              "Y": 1,
              "Z": -0.15000000596046448
            },
            "v2": {
              "X": -0.5,
              "Y": -1,
              "Z": -0.15000000596046448
            },
            "v3": {
              "X": -0.5,
              "Y": -1,
              "Z": 0.15000000596046448
            },
            "v4": {
              "X": -0.5,
              "Y": 1,
              "Z": 0.15000000596046448
            }
          },
          "ColorArray": [
            0,
            0,
            1,
            1
          ]
        }
      },
      "ColorArray": [
        0,
        0,
        1,
        1
      ]
    },
    "LadoExtDer": {
      "Poligonos": {
        "LadoExtDer": {
          "Vertices": {
            "v1": {
              "X": 1,
              "Y": 1,
              "Z": 0.15000000596046448
            },
            "v2": {
              "X": 1,
              "Y": -1,
              "Z": 0.15000000596046448
            },
            "v3": {
              "X": 1,
              "Y": -1,
              "Z": -0.15000000596046448
            },
            "v4": {
              "X": 1,
              "Y": 1,
              "Z": -0.15000000596046448
            }
          },
          "ColorArray": [
            0,
            0,
            1,
            1
          ]
        }
      },
      "ColorArray": [
        0,
        0,
        1,
        1
      ]
    },
    "LadoIntDer": {
      "Poligonos": {
        "LadoIntDer": {
          "Vertices": {
            "v1": {
              "X": 0.5,
              "Y": 1,
              "Z": -0.15000000596046448
            },
            "v2": {
              "X": 0.5,
              "Y": -1,
              "Z": -0.15000000596046448
            },
            "v3": {
              "X": 0.5,
              "Y": -1,
              "Z": 0.15000000596046448
            },
            "v4": {
              "X": 0.5,
              "Y": 1,